{
  "1": {
    "LTF.NS": 9902.519953798314,
    "DRREDDY.NS": 3648.0977732954384,
    "PATANJALI.NS": 1740.2751873870834,
    "TIINDIA.NS": 6452.421386909854,
    "INFY.NS": 4592.187462599486,
    "GVT&D.NS": 4239.899321023496
  },
  "2": {
    "LICHSGFIN.NS": 8189.085299814663,
    "HCLTECH.NS": 5031.045147427371,
    "ALKEM.NS": 757.9352452397928,
    "POWERINDIA.NS": 2342.316655249588,
    "HINDUNILVR.NS": 852.961282284017,
    "IDEA.NS": 529100.5130818125
  },
  "3": {
    "CANBK.NS": 94400.75646211643,
    "NESTLEIND.NS": 2145.6761678579855,
    "MAXHEALTH.NS": 14982.13955496306,
    "TCS.NS": 859.868440968247,
    "SOLARINDS.NS": 1551.0947695804412,
    "INDUSTOWER.NS": 9503.068791133841
  },
  "4": {
    "IDFCFIRSTB.NS": 23897.351075482897,
    "TORNTPHARM.NS": 2858.382333550259,
    "MPHASIS.NS": 4050.8809837865115,
    "PHOENIXLTD.NS": 9411.285707770157,
    "VBL.NS": 63070.15407009091,
    "CGPOWER.NS": 20339.68982779946
  },
  "5": {
    "SBIN.NS": 6234.339712686892,
    "PERSISTENT.NS": 6412.294572922551,
    "GODREJCP.NS": 2514.5992253118966,
    "SUZLON.NS": 288113.95835545205,
    "FORTIS.NS": 11903.241410144694,
    "ATGL.NS": 22182.730445130725
  },
  "6": {
    "ABCAPITAL.NS": 15028.55404630219,
    "CIPLA.NS": 1903.6598907110529,
    "NYKAA.NS": 4533.502609185151,
    "OIL.NS": 14219.138631676511,
    "MARICO.NS": 3167.19699431768,
    "BLUESTARCO.NS": 3287.707165784921
  },
  "7": {
    "PFC.NS": 28564.992058390857,
    "BRITANNIA.NS": 625.4145891023095,
    "KPITTECH.NS": 16849.409329681668,
    "ADANIGREEN.NS": 37243.947858472995,
    "LUPIN.NS": 2084.992457427798,
    "SUPREMEIND.NS": 1592.7578049215438
  },
  "8": {
    "RECLTD.NS": 42685.725175993284,
    "WIPRO.NS": 17787.81092536271,
    "GODFRYPHLP.NS": 6206.33283838738,
    "BHARTIARTL.NS": 5886.760698901927,
    "PAGEIND.NS": 146.2659391307438,
    "INDIGO.NS": 2007.496106126556
  },
  "9": {
    "FEDERALBNK.NS": 20252.928594921865,
    "DIVISLAB.NS": 356.11112600703547,
    "ETERNAL.NS": 13227.513227513226,
    "COLPAL.NS": 1041.158606177385,
    "ONGC.NS": 19749.589810879956,
    "KALYANKJIL.NS": 23239.545723901952
  },
  "10": {
    "HDFCAMC.NS": 2113.9093142709908,
    "SUNPHARMA.NS": 3123.3312462831327,
    "DMART.NS": 1019.025170070972,
    "NHPC.NS": 99530.90124588658,
    "LTM.NS": 1082.3024706169808,
    "ITC.NS": 7944.869279648051
  },
  "11": {
    "M&MFIN.NS": 12042.554376903285,
    "TECHM.NS": 4351.414891076122,
    "ADANIENSOL.NS": 60386.472595328094,
    "KEI.NS": 16058.504944270473,
    "ZYDUSLIFE.NS": 4830.911891821541,
    "ASIANPAINT.NS": 2071.0191186261395
  },
  "12": {
    "BANKBARODA.NS": 15184.818092084233,
    "NAUKRI.NS": 27620.08733394405,
    "APOLLOHOSP.NS": 3166.903140623102,
    "APLAPOLLO.NS": 130236.94674486128,
    "POWERGRID.NS": 53206.730282791665,
    "COFORGE.NS": 54269.12799719065
  },
  "13": {
    "AXISBANK.NS": 20387.675684890703,
    "GLENMARK.NS": 12094.624937996037,
    "ASTRAL.NS": 372418.77179899253,
    "RADICO.NS": 13373.961311996705,
    "HINDZINC.NS": 87268.51260024373,
    "OFSS.NS": 1610.7560120308058
  },
  "14": {
    "ICICIBANK.NS": 6046.830383565907,
    "COROMANDEL.NS": 4543.552910843921,
    "TATACOMM.NS": 5105.363879014592,
    "DABUR.NS": 6007.398002107502,
    "COCHINSHIP.NS": 8138.817507409147,
    "PRESTIGE.NS": 6784.329061160494
  },
  "15": {
    "BAJAJFINSV.NS": 2825.108928089114,
    "MAZDOCK.NS": 21400.0852986188,
    "AUROPHARMA.NS": 2064.552133822495,
    "PIIND.NS": 834.3528489605421,
    "OBEROIRLTY.NS": 4566.333745708052,
    "UNITDSPR.NS": 3205.779168305363
  },
  "16": {
    "HUDCO.NS": 33953.338199204794,
    "TITAN.NS": 3656.0199367337173,
    "BIOCON.NS": 10372.30983249264,
    "ABB.NS": 1249.567524862687,
    "TRENT.NS": 6922.358319544282,
    "TATAELXSI.NS": 2410.1291325535717
  },
  "17": {
    "UNIONBANK.NS": 59014.97641451825,
    "LAURUSLABS.NS": 3848.112301746118,
    "PIDILITIND.NS": 1928.342945623883,
    "BDL.NS": 10672.37284257615,
    "LODHA.NS": 7210.54528164344,
    "BAJAJ-AUTO.NS": 549.7616281362417
  },
  "18": {
    "PNB.NS": 12770.249807489496,
    "JUBLFOOD.NS": 11940.554781758921,
    "CUMMINSIND.NS": 2061.9707799208145,
    "HEROMOTOCO.NS": 562.3130593940697,
    "DIXON.NS": 2896.4919917936495,
    "ADANIPOWER.NS": 263713.0730059046
  },
  "19": {
    "BANKINDIA.NS": 4314.260714535211,
    "INDHOTEL.NS": 19254.145138108004,
    "TVSMOTOR.NS": 26336.456306753647,
    "COALINDIA.NS": 14635.840017958917,
    "SHREECEM.NS": 782.7847590737194,
    "SRF.NS": 24581.02159544918
  },
  "20": {
    "BAJFINANCE.NS": 5605.059387150524,
    "HAL.NS": 5528.278575572081,
    "VEDL.NS": 21864.38377091293,
    "EICHERMOT.NS": 845.2686253785961,
    "RVNL.NS": 106100.00560159331,
    "TATACONSUM.NS": 8289.159308545286
  },
  "21": {
    "SHRIRAMFIN.NS": 21939.409521360925,
    "JSWENERGY.NS": 20696.11138206545,
    "CONCOR.NS": 7398.70644112624,
    "UPL.NS": 17133.33676334704,
    "HINDPETRO.NS": 55145.66825541996,
    "M&M.NS": 7031.681040647592
  },
  "22": {
    "HDFCBANK.NS": 2970.3091278883053,
    "NATIONALUM.NS": 57498.01219898202,
    "HAVELLS.NS": 2666.59661642352,
    "NTPC.NS": 18161.40796137863,
    "MRF.NS": 27.15886335234326,
    "IRCTC.NS": 12071.894082686726
  },
  "23": {
    "SBICARD.NS": 2491.3812108556704,
    "ADANIENT.NS": 12496.759777976573,
    "GAIL.NS": 41066.786478214126,
    "POLYCAB.NS": 2095.517590158864,
    "MARUTI.NS": 320.1647748023819,
    "VOLTAS.NS": 2863.7256707417423
  },
  "24": {
    "CHOLAFIN.NS": 135309.60594246522,
    "IOC.NS": 71496.76189849671,
    "BOSCHLTD.NS": 410.9847968335387,
    "GMRAIRPORT.NS": 27608.151128003352,
    "HINDALCO.NS": 10827.564915742227,
    "GODREJPROP.NS": 6952.842506956343
  },
  "25": {
    "INDUSINDBK.NS": 20222.750810664278,
    "BEL.NS": 161303.68108163253,
    "RELIANCE.NS": 7229.422301470528,
    "NMDC.NS": 51680.72970641637,
    "MOTHERSON.NS": 593357.1451206207,
    "AMBUJACEM.NS": 19177.62585346229
  },
  "26": {
    "INDIANB.NS": 15378.973327750195,
    "BPCL.NS": 109584.45992833267,
    "JINDALSTEL.NS": 3895.945256452427,
    "ASHOKLEY.NS": 213908.813844603,
    "ADANIPORTS.NS": 9636.599787170187,
    "EXIDEIND.NS": 29049.403955530066
  },
  "27": {
    "HDFCLIFE.NS": 4967.670573340558,
    "BHEL.NS": 20371.3937339438,
    "TMPV.NS": 4055.8306476822895,
    "ULTRACEMCO.NS": 404.82124710640767,
    "JSWSTEEL.NS": 6848.805000781379,
    "TATAPOWER.NS": 21028.65401180391
  },
  "28": {
    "KOTAKBANK.NS": 51842.83905359922,
    "SAIL.NS": 18390.90678316785,
    "BHARATFORG.NS": 12864.71807489356,
    "SIEMENS.NS": 5049.598653374609,
    "GRASIM.NS": 4618.007178261475,
    "DLF.NS": 3466.514211132
  }
}